{
  "corrections": {
    "0_0": {
      "dx": -0.115367,
      "real_tz": 0.0461,
      "gen_tz": 0.1479,
      "real_mx": 0.2364,
      "gen_mx": 0.3517,
      "n_real": 10997,
      "n_sampled": 300
    },
    "0_1": {
      "dx": -0.113136,
      "real_tz": 0.0459,
      "gen_tz": 0.1105,
      "real_mx": 0.212,
      "gen_mx": 0.3251,
      "n_real": 260,
      "n_sampled": 260
    },
    "0_2": {
      "dx": -0.178579,
      "real_tz": 0.0645,
      "gen_tz": 0.2867,
      "real_mx": 0.2432,
      "gen_mx": 0.4218,
      "n_real": 12362,
      "n_sampled": 300
    },
    "1_0": {
      "dx": 0.020309,
      "real_tz": 0.5032,
      "gen_tz": 0.4388,
      "real_mx": 0.5028,
      "gen_mx": 0.4825,
      "n_real": 14258,
      "n_sampled": 300
    },
    "1_1": {
      "dx": 0.011856,
      "real_tz": 0.4391,
      "gen_tz": 0.3842,
      "real_mx": 0.4791,
      "gen_mx": 0.4673,
      "n_real": 333,
      "n_sampled": 300
    },
    "1_2": {
      "dx": 0.016892,
      "real_tz": 0.554,
      "gen_tz": 0.4891,
      "real_mx": 0.516,
      "gen_mx": 0.4991,
      "n_real": 15727,
      "n_sampled": 300
    },
    "2_0": {
      "dx": 0.004217,
      "real_tz": 0.9538,
      "gen_tz": 0.987,
      "real_mx": 0.7342,
      "gen_mx": 0.7299,
      "n_real": 5308,
      "n_sampled": 300
    },
    "2_1": {
      "dx": -0.001337,
      "real_tz": 0.8969,
      "gen_tz": 0.9414,
      "real_mx": 0.6945,
      "gen_mx": 0.6958,
      "n_real": 118,
      "n_sampled": 118
    },
    "2_2": {
      "dx": -0.008355,
      "real_tz": 0.9548,
      "gen_tz": 0.9609,
      "real_mx": 0.7611,
      "gen_mx": 0.7694,
      "n_real": 9916,
      "n_sampled": 300
    },
    "3_0": {
      "dx": -0.000108,
      "real_tz": 0.9833,
      "gen_tz": 1.0,
      "real_mx": 0.8575,
      "gen_mx": 0.8577,
      "n_real": 589,
      "n_sampled": 300
    },
    "3_1": {
      "dx": 0.018196,
      "real_tz": 1.0,
      "gen_tz": 1.0,
      "real_mx": 0.8774,
      "gen_mx": 0.8592,
      "n_real": 16,
      "n_sampled": 16
    },
    "3_2": {
      "dx": -0.020765,
      "real_tz": 0.98,
      "gen_tz": 1.0,
      "real_mx": 0.8587,
      "gen_mx": 0.8795,
      "n_real": 933,
      "n_sampled": 300
    }
  },
  "meta": {
    "n_per_cell": 300,
    "gen_steps": 20,
    "global_mean_dx": -0.030515
  }
}